Name,Probability,LOBMAX,TPSA,C2SP2,HybRatio,XLogP
"AUTOGEN_20211014120911503_1",0.058,2.9706890148711405,10.594137651297755,0,1.0,2.1510000000000002
"AUTOGEN_20211014120911503_2",0.044,2.4215157298368397,14.011601409780903,0,1.0,1.5819999999999999
