{
    "num_partitions": 8,
    "random_state": 42,
    "num_trials": 10,
    "fit_time": 4503.071313381195,
    "score": 0.8538903585380513
}