{
    "num_partitions": 7,
    "random_state": 42,
    "num_trials": 10,
    "fit_time": 5176.848551034927,
    "score": 0.8410011578323864
}